<ImportExportXml version="9.2.21062.128" SolutionPackageVersion="9.2" languagecode="1033" generatedBy="CrmLive" xmlns:xsi="http://www.w3.org/2001/XMLSchema-instance">
  <SolutionManifest>
    <UniqueName>CustomAPIConfiguration</UniqueName>
    <LocalizedNames>
      <LocalizedName description="Custom API Configuration" languagecode="1033" />
    </LocalizedNames>
    <Descriptions />
    <Version>1.0.0.1</Version>
    <Managed>0</Managed>
    <Publisher>
      <UniqueName>Cr7cb28</UniqueName>
      <LocalizedNames>
        <LocalizedName description="CDS Default Publisher" languagecode="1033" />
      </LocalizedNames>
      <Descriptions />
      <EMailAddress xsi:nil="true"></EMailAddress>
      <SupportingWebsiteUrl xsi:nil="true"></SupportingWebsiteUrl>
      <CustomizationPrefix>cr01f</CustomizationPrefix>
      <CustomizationOptionValuePrefix>73151</CustomizationOptionValuePrefix>
      <Addresses>
        <Address>
          <AddressNumber>1</AddressNumber>
          <AddressTypeCode xsi:nil="true"></AddressTypeCode>
          <City xsi:nil="true"></City>
          <County xsi:nil="true"></County>
          <Country xsi:nil="true"></Country>
          <Fax xsi:nil="true"></Fax>
          <FreightTermsCode xsi:nil="true"></FreightTermsCode>
          <ImportSequenceNumber xsi:nil="true"></ImportSequenceNumber>
          <Latitude xsi:nil="true"></Latitude>
          <Line1 xsi:nil="true"></Line1>
          <Line2 xsi:nil="true"></Line2>
          <Line3 xsi:nil="true"></Line3>
          <Longitude xsi:nil="true"></Longitude>
          <Name xsi:nil="true"></Name>
          <PostalCode xsi:nil="true"></PostalCode>
          <PostOfficeBox xsi:nil="true"></PostOfficeBox>
          <PrimaryContactName xsi:nil="true"></PrimaryContactName>
          <ShippingMethodCode xsi:nil="true"></ShippingMethodCode>
          <StateOrProvince xsi:nil="true"></StateOrProvince>
          <Telephone1 xsi:nil="true"></Telephone1>
          <Telephone2 xsi:nil="true"></Telephone2>
          <Telephone3 xsi:nil="true"></Telephone3>
          <TimeZoneRuleVersionNumber xsi:nil="true"></TimeZoneRuleVersionNumber>
          <UPSZone xsi:nil="true"></UPSZone>
          <UTCOffset xsi:nil="true"></UTCOffset>
          <UTCConversionTimeZoneCode xsi:nil="true"></UTCConversionTimeZoneCode>
        </Address>
        <Address>
          <AddressNumber>2</AddressNumber>
          <AddressTypeCode xsi:nil="true"></AddressTypeCode>
          <City xsi:nil="true"></City>
          <County xsi:nil="true"></County>
          <Country xsi:nil="true"></Country>
          <Fax xsi:nil="true"></Fax>
          <FreightTermsCode xsi:nil="true"></FreightTermsCode>
          <ImportSequenceNumber xsi:nil="true"></ImportSequenceNumber>
          <Latitude xsi:nil="true"></Latitude>
          <Line1 xsi:nil="true"></Line1>
          <Line2 xsi:nil="true"></Line2>
          <Line3 xsi:nil="true"></Line3>
          <Longitude xsi:nil="true"></Longitude>
          <Name xsi:nil="true"></Name>
          <PostalCode xsi:nil="true"></PostalCode>
          <PostOfficeBox xsi:nil="true"></PostOfficeBox>
          <PrimaryContactName xsi:nil="true"></PrimaryContactName>
          <ShippingMethodCode xsi:nil="true"></ShippingMethodCode>
          <StateOrProvince xsi:nil="true"></StateOrProvince>
          <Telephone1 xsi:nil="true"></Telephone1>
          <Telephone2 xsi:nil="true"></Telephone2>
          <Telephone3 xsi:nil="true"></Telephone3>
          <TimeZoneRuleVersionNumber xsi:nil="true"></TimeZoneRuleVersionNumber>
          <UPSZone xsi:nil="true"></UPSZone>
          <UTCOffset xsi:nil="true"></UTCOffset>
          <UTCConversionTimeZoneCode xsi:nil="true"></UTCConversionTimeZoneCode>
        </Address>
      </Addresses>
    </Publisher>
    <RootComponents>
      <RootComponent type="1" schemaName="c30seeds_nhanvien" behavior="2" />
      <RootComponent type="29" id="{15d4ea24-c9b1-407f-a449-53988ceff056}" behavior="0" />
      <RootComponent type="60" id="{2f99838a-03eb-4499-a447-a314f776aba1}" />
      <RootComponent type="60" id="{4c54bdc5-6be1-44dc-8b12-570344c31343}" />
      <RootComponent type="60" id="{7a64eaec-cdf9-4155-9f8c-495edf330306}" />
      <RootComponent type="60" id="{81cf5a20-3afc-4ed2-846a-edbbd4955b80}" />
      <RootComponent type="91" id="{87b0506d-c041-471f-84e5-b0f12e2734c6}" schemaName="Plugin_DynamicServices, Version=1.0.0.0, Culture=neutral, PublicKeyToken=fd0fcd50d4209680" behavior="0" />
      <RootComponent type="92" id="{07851d5d-81e1-eb11-bacb-0022485829e7}" behavior="0" />
    </RootComponents>
    <MissingDependencies>
      <MissingDependency>
        <Required type="1" schemaName="c30seeds_nhanvien" displayName="Nhân viên" solution="Active" />
        <Dependent type="1" schemaName="c30seeds_nhanvien" displayName="Nhân viên" />
      </MissingDependency>
      <MissingDependency>
        <Required type="10" schemaName="c30seeds_businessunit_c30seeds_nhanvien_phongkd" displayName="c30seeds_businessunit_c30seeds_nhanvien_phongkd" parentSchemaName="businessunit" parentDisplayName="Business Unit" solution="Active" />
        <Dependent type="2" schemaName="c30seeds_phongkd" displayName="Phòng kinh doanh" parentSchemaName="c30seeds_nhanvien" parentDisplayName="Nhân viên" />
      </MissingDependency>
      <MissingDependency>
        <Required type="10" schemaName="c30seeds_businessunit_c30seeds_nhanvien_phongkd" displayName="c30seeds_businessunit_c30seeds_nhanvien_phongkd" parentSchemaName="businessunit" parentDisplayName="Business Unit" solution="Active" />
        <Dependent type="60" displayName="Information" parentDisplayName="Nhân viên" id="{4c54bdc5-6be1-44dc-8b12-570344c31343}" />
      </MissingDependency>
      <MissingDependency>
        <Required type="10" schemaName="c30seeds_businessunit_c30seeds_nhanvien_phongkd" displayName="c30seeds_businessunit_c30seeds_nhanvien_phongkd" parentSchemaName="businessunit" parentDisplayName="Business Unit" solution="Active" />
        <Dependent type="60" displayName="Nhân viên" parentDisplayName="Nhân viên" id="{7a64eaec-cdf9-4155-9f8c-495edf330306}" />
      </MissingDependency>
      <MissingDependency>
        <Required type="10" schemaName="c30seeds_nhanvien_businessunit" displayName="c30seeds_nhanvien_businessunit" parentSchemaName="businessunit" parentDisplayName="Business Unit" solution="Active" />
        <Dependent type="2" schemaName="c30seeds_san" displayName="Sàn kinh doanh" parentSchemaName="c30seeds_nhanvien" parentDisplayName="Nhân viên" />
      </MissingDependency>
      <MissingDependency>
        <Required type="10" schemaName="c30seeds_nhanvien_businessunit" displayName="c30seeds_nhanvien_businessunit" parentSchemaName="businessunit" parentDisplayName="Business Unit" solution="Active" />
        <Dependent type="60" displayName="Information" parentDisplayName="Nhân viên" id="{4c54bdc5-6be1-44dc-8b12-570344c31343}" />
      </MissingDependency>
      <MissingDependency>
        <Required type="10" schemaName="c30seeds_nhanvien_businessunit" displayName="c30seeds_nhanvien_businessunit" parentSchemaName="businessunit" parentDisplayName="Business Unit" solution="Active" />
        <Dependent type="60" displayName="Nhân viên" parentDisplayName="Nhân viên" id="{7a64eaec-cdf9-4155-9f8c-495edf330306}" />
      </MissingDependency>
      <MissingDependency>
        <Required type="10" schemaName="c30seeds_c30seeds_nhanvien_c30seeds_nhanvien_Phphngkinhdoanh" displayName="c30seeds_c30seeds_nhanvien_c30seeds_nhanvien_Phphngkinhdoanh" parentSchemaName="c30seeds_nhanvien" parentDisplayName="Nhân viên" solution="Active" />
        <Dependent type="2" schemaName="c30seeds_phophongkd" displayName="Phó phòng kinh doanh" parentSchemaName="c30seeds_nhanvien" parentDisplayName="Nhân viên" />
      </MissingDependency>
      <MissingDependency>
        <Required type="10" schemaName="c30seeds_c30seeds_nhanvien_c30seeds_nhanvien_Phphngkinhdoanh" displayName="c30seeds_c30seeds_nhanvien_c30seeds_nhanvien_Phphngkinhdoanh" parentSchemaName="c30seeds_nhanvien" parentDisplayName="Nhân viên" solution="Active" />
        <Dependent type="60" displayName="Information" parentDisplayName="Nhân viên" id="{4c54bdc5-6be1-44dc-8b12-570344c31343}" />
      </MissingDependency>
      <MissingDependency>
        <Required type="10" schemaName="c30seeds_c30seeds_nhanvien_c30seeds_nhanvien_Phphngkinhdoanh" displayName="c30seeds_c30seeds_nhanvien_c30seeds_nhanvien_Phphngkinhdoanh" parentSchemaName="c30seeds_nhanvien" parentDisplayName="Nhân viên" solution="Active" />
        <Dependent type="60" displayName="Nhân viên" parentDisplayName="Nhân viên" id="{7a64eaec-cdf9-4155-9f8c-495edf330306}" />
      </MissingDependency>
      <MissingDependency>
        <Required type="10" schemaName="c30seeds_systemuser_c30seeds_nhanvien_systemuser" displayName="c30seeds_systemuser_c30seeds_nhanvien_systemuser" parentSchemaName="systemuser" parentDisplayName="User" solution="Active" />
        <Dependent type="2" schemaName="c30seeds_systemuser" displayName="Tài khoản MS" parentSchemaName="c30seeds_nhanvien" parentDisplayName="Nhân viên" />
      </MissingDependency>
      <MissingDependency>
        <Required type="10" schemaName="c30seeds_systemuser_c30seeds_nhanvien_systemuser" displayName="c30seeds_systemuser_c30seeds_nhanvien_systemuser" parentSchemaName="systemuser" parentDisplayName="User" solution="Active" />
        <Dependent type="60" displayName="Information" parentDisplayName="Nhân viên" id="{4c54bdc5-6be1-44dc-8b12-570344c31343}" />
      </MissingDependency>
      <MissingDependency>
        <Required type="10" schemaName="c30seeds_systemuser_c30seeds_nhanvien_systemuser" displayName="c30seeds_systemuser_c30seeds_nhanvien_systemuser" parentSchemaName="systemuser" parentDisplayName="User" solution="Active" />
        <Dependent type="60" displayName="Nhân viên" parentDisplayName="Nhân viên" id="{7a64eaec-cdf9-4155-9f8c-495edf330306}" />
      </MissingDependency>
      <MissingDependency>
        <Required type="61" schemaName="c30seeds__/nhanvien.js" displayName="c30seeds__/nhanvien.js" solution="Active" />
        <Dependent type="60" displayName="Information" parentDisplayName="Nhân viên" id="{4c54bdc5-6be1-44dc-8b12-570344c31343}" />
      </MissingDependency>
      <MissingDependency>
        <Required type="66" schemaName="MscrmControls.FlipSwitch.FlipSwitchControl" displayName="MscrmControls.FlipSwitch.FlipSwitchControl" solution="CustomControlsCore (9.2.21062.00128)" />
        <Dependent type="60" displayName="Nhân viên" parentDisplayName="Nhân viên" id="{7a64eaec-cdf9-4155-9f8c-495edf330306}" />
      </MissingDependency>
      <MissingDependency>
        <Required type="9" schemaName="c30seeds_nhom" displayName="Nhóm" solution="Active" />
        <Dependent type="2" schemaName="c30seeds_nhom" displayName="Nhóm" parentSchemaName="c30seeds_nhanvien" parentDisplayName="Nhân viên" />
      </MissingDependency>
    </MissingDependencies>
  </SolutionManifest>
</ImportExportXml>